,Distance,Received Power,Speed,Azimuth
1,27.496683634298513,-47.684323240312374,,0.6326677199731724
2,1.78831750665152,-0.21089568820445553,,-0.7912416749229931
